{"max_depth": 23, "min_child_weight": 2.404712074481848, "colsample_bytree": 0.5095502611913834, "learning_rate": 0.0449682801162507, "subsample": 0.9196040393707718, "alpha": 0.0524693644585006, "lambda": 4.5586068865713215e-07}